1775931995.0410118,1,30,60,45,0.0,0.0
1775932014.1672301,2,28,55,20,0.0,0.0
1775932034.8305707,3,38,50,50,0.0,0.0
1775932053.347811,4,26,70,65,0.0,0.0
1775932086.2948108,4,26,70,95,0.0,0.0
1775932119.2341213,2,26,70,15,0.0,0.0
1775932135.607468,3,36,70,45,0.0,0.0
1775932176.743186,1,30,60,25,0.0,0.0
1775932350.3450668,1,10,80,55,0.0,0.0
1775932408.2504458,1,10,80,55,0.0,0.0
1775932420.588623,2,30,80,55,0.0,0.0
1775932476.2357779,3,3,3,3,0.0,0.0
1775932492.5465639,4,4,4,4,0.0,0.0
1775932581.6386094,4,4,4,4,0.0,0.0
1775932593.9623623,3,3,3,3,0.0,0.0
1775932612.390712,2,2,2,2,0.0,0.0
1775932628.6770382,1,1,1,1,0.0,0.0
1775933259.391851,1,1,1,1,479.3333333333333,80.49111111111111
1775933267.5652342,2,2,2,2,908.5333333333333,103.55333333333333
1775933279.8061812,3,3,3,3,1368.5333333333333,138.03333333333333
1775933296.1187415,4,4,4,4,1605.0666666666666,186.60444444444443
1775933510.7423818,4,4,4,4,3568.852890920772,80.70444444444445
1775933514.8235269,3,3,3,3,3109.7361978257854,87.06666666666666
1775933520.9403248,2,2,2,2,3698.8700866290656,102.16
1775933529.092392,1,1,1,1,2841.6041323689983,119.53999999999999
1775933699.531231,2,2,2,2,3646.316428236348,17.882113821138216
1775933703.6129432,3,3,3,3,3708.198896164705,25.465447154471548
1775933709.7296793,4,4,4,4,3547.8618311410287,39.94918699186992
1775934359.3528624,1,0.0,0.0,636,0.0,343.06504065040673
1775934371.6977613,1,0.0,0.0,637,0.48609258398938004,343.06707317073193
1775934379.8613772,1,0.0,0.0,637,0.0,343.06707317073193
1775934388.0242882,1,0.0,0.0,648,0.0,343.06707317073193
1775934571.6717167,1,0.0,0.0,38,0.0,0.0
1775934579.836019,1,0.0,0.0,39,1374.7551624926357,8.469512195121952
1775934587.9898622,1,0.0,0.0,37,0.0,8.469512195121952
1775934596.1428025,1,0.0,0.0,38,0.0,8.469512195121952
1775934604.296642,1,0.0,0.0,38,0.0,8.469512195121952
1775934612.4501696,1,0.0,0.0,21,0.0,8.469512195121952
1775934620.604042,1,0.0,0.0,31,0.0,8.469512195121952
1775934628.7581902,1,0.0,0.0,37,0.0,8.469512195121952
1775934645.2640812,1,0.0,0.0,37,0.0,8.469512195121952
1775934649.3410304,1,0.0,0.0,37,0.0,8.469512195121952
1775934653.4186046,1,0.0,0.0,37,0.0,8.469512195121952
1775934661.5732536,1,0.0,0.0,37,0.0,8.469512195121952
1775934669.72579,1,0.0,0.0,37,0.0,8.469512195121952
1775934677.8822439,1,0.0,0.0,37,0.0,8.469512195121952
1775934686.035616,1,0.0,0.0,37,0.0,8.469512195121952
1775934698.2657738,1,0.0,0.0,37,0.0,8.469512195121952
1775934702.3434236,1,0.0,0.0,37,0.0,8.469512195121952
1775934710.5973506,1,0.0,0.0,38,0.0,8.469512195121952
1775934718.7509289,1,31.0,35.0,37,0.0,8.469512195121952
1775934726.9107518,1,31.0,35.0,39,0.0,8.469512195121952
1775934735.071192,1,31.0,35.0,38,0.0,8.469512195121952
1775934743.231765,1,31.0,35.0,38,0.0,8.469512195121952
1775934751.3920257,1,31.0,35.0,37,0.0,8.469512195121952
1775934759.552644,1,31.0,35.0,39,0.0,8.469512195121952
1775934763.6333325,1,30.9,35.0,37,0.0,8.469512195121952
1775934771.893263,1,30.9,34.0,37,0.0,8.469512195121952
1775934780.053975,1,30.9,34.0,37,0.0,8.469512195121952
1775934788.2142842,1,31.0,34.0,40,0.0,8.469512195121952
1775934796.3742738,1,30.9,34.0,38,0.0,8.469512195121952
1775934804.5343173,1,30.9,34.0,38,0.0,8.469512195121952
1775934812.6955466,1,30.9,34.0,37,0.0,8.469512195121952
1775934820.8565676,1,30.9,34.0,36,0.0,8.469512195121952
1775934829.0163074,1,30.9,34.0,38,0.0,8.469512195121952
1775934837.1764565,1,30.9,34.0,38,0.0,8.469512195121952
1775934845.3360114,1,30.9,34.0,37,0.0,8.469512195121952
1775934853.4961104,1,30.9,34.0,38,0.0,8.469512195121952
1775934861.6594608,1,30.9,34.0,39,0.0,8.469512195121952
1775934869.8206549,1,30.9,34.0,37,0.0,8.469512195121952
1775934882.0606318,1,30.9,34.0,37,0.0,8.469512195121952
1775934886.1409051,1,30.9,34.0,37,0.0,8.469512195121952
1775934894.401154,1,30.9,34.0,38,0.0,8.469512195121952
1775934902.561297,1,30.9,34.0,38,0.0,8.469512195121952
1775934914.901085,1,30.9,34.0,38,0.0,8.469512195121952
1775934918.9816885,1,30.8,34.0,37,0.0,8.469512195121952
1775934927.2425473,1,30.9,34.0,37,0.0,8.469512195121952
1775934935.402909,1,30.9,34.0,37,0.0,8.469512195121952
1775934943.5636685,1,30.9,34.0,99,0.0,8.469512195121952
1775934951.723752,1,30.9,34.0,99,0.0,8.469512195121952
1775934959.8839931,1,30.9,34.0,100,0.0,8.469512195121952
1775934968.048393,1,30.9,34.0,100,0.0,8.469512195121952
1775934976.2126167,1,30.9,34.0,100,0.0,8.469512195121952
1775934980.2946725,1,30.9,34.0,100,0.0,8.469512195121952
1775934988.5586545,1,30.9,34.0,100,0.0,8.469512195121952
1775934996.7232356,1,30.9,34.0,100,0.0,8.469512195121952
1775935004.887655,1,30.9,34.0,100,0.0,8.469512195121952
1775935013.049677,1,30.9,34.0,100,0.0,8.469512195121952
1775935021.2129,1,30.9,33.0,100,0.0,8.469512195121952
1775935029.376416,1,30.9,33.0,100,0.0,8.469512195121952
1775935037.53891,1,30.9,33.0,100,0.0,8.469512195121952
1775935045.7028234,1,30.9,33.0,100,0.0,8.469512195121952
1775935053.8656785,1,30.9,33.0,100,0.0,8.469512195121952
1775935066.1093156,1,30.9,34.0,100,0.0,8.469512195121952
1775935070.192372,1,30.9,34.0,100,0.0,8.469512195121952
1775935078.4557047,1,30.9,33.0,57,0.0,8.469512195121952
1775935086.616319,1,31.0,33.0,51,0.0,8.469512195121952
1775935094.777092,1,30.9,33.0,47,0.0,8.469512195121952
1775935102.937445,1,30.9,34.0,45,0.0,8.469512195121952
1775935111.0970256,1,31.0,33.0,45,0.0,8.469512195121952
1775935119.2565823,1,31.0,33.0,46,0.0,8.469512195121952
1775935127.4171646,1,31.0,34.0,45,0.0,8.469512195121952
1775935135.5777428,1,31.0,33.0,43,0.0,8.469512195121952
1775935143.7382057,1,31.0,34.0,44,0.0,8.469512195121952
1775935151.8982317,1,31.0,34.0,41,0.0,8.469512195121952
1775935160.0588775,1,31.0,33.0,40,0.0,8.469512195121952
1775935168.2173102,1,31.0,33.0,39,0.0,8.469512195121952
1775935176.377399,1,31.0,33.0,39,0.0,8.469512195121952
1775935188.6169343,1,31.0,33.0,39,0.0,8.469512195121952
1775935192.6969557,1,31.0,33.0,39,0.0,8.469512195121952
1775935200.9579475,1,31.0,34.0,39,0.0,8.469512195121952
1775935309.3579054,1,31.2,33.0,38,0.0,0.0
1775935317.384035,1,31.2,33.0,38,0.0,0.0
1775935325.4920235,1,31.2,33.0,37,0.0,0.0
1775935333.4803367,1,31.2,32.0,100,0.0,0.0
1775935341.5215456,1,31.2,32.0,100,0.0,0.0
1775935350.5803695,1,31.2,32.0,56,0.0,0.0
1775935358.6153054,1,31.2,32.0,49,0.0,0.0
1775935366.636627,1,31.2,32.0,45,0.0,0.0
1775935374.665676,1,31.2,32.0,45,0.0,0.0
1775935382.6954925,1,31.2,32.0,45,0.0,0.0
1775935390.7212274,1,31.2,33.0,45,0.0,0.0
1775935398.7502387,1,31.2,33.0,45,0.0,0.0
1775935406.7796712,1,31.2,32.0,43,0.0,0.0
1775935414.8062913,1,31.2,33.0,43,0.0,0.0
1775935422.8397326,1,31.2,32.0,43,0.0,0.0
1775935430.892446,1,31.2,32.0,42,0.0,0.0
1775935438.8920717,1,31.2,33.0,42,0.0,0.0
1775935446.9209802,1,31.2,32.0,43,0.0,0.0
1775935454.9460244,1,31.2,32.0,44,0.0,0.0
1775935462.9802392,1,31.2,32.0,42,0.0,0.0
1775935471.0046263,1,31.2,33.0,43,0.0,0.0
1775935479.0362015,1,31.2,32.0,41,0.0,0.0
1775935487.0941365,1,31.2,32.0,40,0.0,0.0
1775935495.090451,1,31.2,32.0,40,0.0,0.0
1775935503.1359715,1,31.2,32.0,40,0.0,0.0
1775935511.146806,1,31.2,32.0,40,0.0,0.0
1775935519.1759417,1,31.2,32.0,39,0.0,0.0
1775935527.198029,1,31.2,32.0,39,0.0,0.0
1775935535.2331111,1,31.2,32.0,37,0.0,0.0
1775935543.2672868,1,31.2,32.0,37,0.0,0.0
1775935551.2865508,1,31.2,32.0,37,0.0,0.0
1775935559.321845,1,31.2,32.0,37,0.0,0.0
1775935567.3403955,1,31.2,32.0,39,0.0,0.0
1775935575.3685749,1,31.2,32.0,39,0.0,0.0
1775935583.4026206,1,31.2,32.0,38,0.0,0.0
1775935591.4254644,1,31.2,32.0,39,0.0,0.0
1775935599.4606647,1,31.2,32.0,37,0.0,0.0
1775935607.7041078,1,31.2,32.0,39,0.0,0.0
1775935615.5120566,1,31.2,32.0,37,0.0,0.0
1775935623.5451787,1,31.2,32.0,38,0.0,0.0
1775935631.5708354,1,31.2,32.0,39,0.0,0.0
1775935639.595903,1,31.2,32.0,39,0.0,0.0
1775935647.6248856,1,31.2,32.0,37,0.0,0.0
1775935655.6549358,1,31.2,32.0,39,0.0,0.0
1775935663.6798184,1,31.2,32.0,38,0.0,0.0
1775935671.7102976,1,31.2,32.0,37,0.0,0.0
1775935708.3134162,1,31.2,32.0,37,0.0,0.0
1775935716.3379028,1,31.2,32.0,38,0.0,0.0
1775935724.3650773,1,31.2,32.0,38,0.0,0.0
1775935732.4080029,1,31.2,32.0,38,0.0,0.0022222222222222222
1775935740.417046,1,31.2,32.0,97,0.0,0.0022222222222222222
1775935748.4443557,1,31.2,32.0,98,0.0,0.0022222222222222222
1775935756.472338,1,31.2,31.0,97,0.0,0.0022222222222222222
1775935764.4997933,1,31.2,31.0,50,0.0,0.0022222222222222222
1775935772.5290015,1,31.2,31.0,47,0.0,0.0022222222222222222
1775935780.552239,1,31.2,31.0,46,0.0,0.0022222222222222222
1775935788.8734612,1,31.1,31.0,45,0.0,0.0022222222222222222
1775935796.6228602,1,31.1,31.0,44,0.0,0.0022222222222222222
1775935804.648206,1,31.1,31.0,42,0.0,0.0022222222222222222
1775935812.691729,1,31.1,31.0,42,0.0,0.0022222222222222222
1775935820.6920764,1,31.1,31.0,42,0.0,0.0022222222222222222
1775935828.7211957,1,31.0,31.0,41,0.0,0.0022222222222222222
1775935836.7450557,1,31.0,32.0,42,0.0,0.0022222222222222222
1775935844.773012,1,31.0,32.0,42,0.0,0.0022222222222222222
1775935852.8020644,1,31.0,32.0,42,0.0,0.0022222222222222222
1775935860.83299,1,31.0,31.0,41,0.0,0.0022222222222222222
1775936206.008129,1,31.2,31.0,38,0.0,0.0
1775936214.0383317,1,31.2,31.0,39,0.0,0.0
1775936222.0671716,1,31.1,31.0,39,0.0,0.0
1775936230.0874002,1,31.1,31.0,39,0.0,0.0
1775936238.1202033,1,31.1,31.0,100,0.0,0.0
1775936253.92423,1,31.0,31.0,100,0.0,0.0
1775936261.9528644,1,31.1,31.0,50,0.0,0.0
1775936269.9760187,1,31.1,31.0,45,0.0,0.0
1775936278.007808,1,31.1,31.0,75,0.0,0.0
1775936286.037147,1,31.1,31.0,73,0.0,0.0
1775936294.065087,1,31.0,31.0,89,0.0,0.0
1775936302.1089003,1,31.0,31.0,73,0.0,0.0
1775936310.136214,1,31.0,31.0,83,0.0,0.0
1775936318.14351,1,31.0,31.0,80,0.0,0.0
1775936326.1700385,1,31.0,31.0,73,0.0,0.0
1775936334.2003384,1,31.0,31.0,71,0.0,0.0
1775936342.2270617,1,31.0,31.0,68,0.0,0.0
1775936350.255876,1,31.0,31.0,76,0.0,0.0
1775936358.281803,1,31.0,31.0,67,0.0,0.0
1775936366.3086677,1,31.0,31.0,83,0.0,0.0
1775936374.3370152,1,31.0,31.0,84,0.0,0.0
1775936382.361586,1,31.0,31.0,67,0.0,0.0
1775936390.3928735,1,31.0,31.0,89,0.0,0.0
1775936398.4166646,1,31.0,31.0,90,0.0,0.0
1775936406.445495,1,31.0,31.0,89,0.0,0.0
1775936414.4735858,1,31.0,31.0,92,0.0,0.0
1775936422.5002859,1,31.0,31.0,66,0.0,0.0
1775936430.5264564,1,31.0,31.0,66,0.0,0.0
1775936438.5552964,1,31.0,31.0,66,0.0,0.0
1775936446.5809996,1,31.0,31.0,66,0.0,0.0
1775936454.60881,1,31.0,31.0,65,0.0,4.5777777777777775
1775936462.6528156,1,31.0,31.0,64,0.0,4.5777777777777775
1775936470.6586514,1,31.0,31.0,64,0.0,4.5777777777777775
1775936478.7021863,1,31.0,30.0,62,0.0,4.5777777777777775
1775936486.71882,1,31.0,31.0,62,0.0,4.5777777777777775
1775936494.789816,1,31.0,31.0,61,0.0,4.5777777777777775
1775936502.7762697,1,31.0,31.0,62,0.0,4.5777777777777775
1775936510.8023837,1,31.0,31.0,61,0.0,4.5777777777777775
1775936518.826136,1,31.0,31.0,61,0.0,4.5777777777777775
1775936526.8567624,1,31.0,31.0,60,0.0,4.5777777777777775
1775936534.8873887,1,31.0,31.0,59,0.0,4.5777777777777775
1775936542.9176483,1,31.0,31.0,59,0.0,4.5777777777777775
1775936550.949743,1,31.0,31.0,58,0.0,4.5777777777777775
1775936558.9713116,1,31.0,30.0,58,0.0,4.5777777777777775
1775936567.0008137,1,31.0,31.0,58,0.0,4.5777777777777775
1775936575.0254738,1,31.0,31.0,57,0.0,4.5777777777777775
1775936583.063999,1,31.0,31.0,56,0.0,4.5777777777777775
1775936591.0791714,1,31.0,31.0,55,0.0,4.5777777777777775
1775936599.1083992,1,31.0,31.0,53,0.0,4.5777777777777775
1775936607.1361406,1,31.0,31.0,53,0.0,4.5777777777777775
1775936615.1784055,1,31.0,31.0,53,0.0,4.5777777777777775
1775936623.1879232,1,31.0,31.0,53,0.0,4.5777777777777775
1775936631.2140455,1,31.0,31.0,52,0.0,4.5777777777777775
1775936639.2438364,1,31.0,31.0,51,0.0,4.5777777777777775
1775936647.2708418,1,31.0,31.0,50,0.0,4.5777777777777775
1775936655.2972004,1,31.0,31.0,50,0.0,4.5777777777777775
1775936663.3263927,1,31.0,31.0,48,0.0,4.5777777777777775
1775936671.352139,1,31.0,31.0,45,0.0,4.5777777777777775
1775936679.3801563,1,31.0,31.0,39,0.0,4.5777777777777775
1775936687.4055974,1,31.0,31.0,38,0.0,4.5777777777777775
1775936695.43211,1,31.0,31.0,38,0.0,4.5777777777777775
1775936703.46364,1,31.0,30.0,37,0.0,4.5777777777777775
1775936711.4876592,1,31.0,30.0,38,0.0,4.5777777777777775
1775936719.5174067,1,31.0,30.0,38,0.0,4.5777777777777775
1775936727.5465822,1,31.0,30.0,38,0.0,4.5777777777777775
1775936735.5763185,1,31.0,30.0,37,0.0,4.5777777777777775
1775936743.5979395,1,31.0,30.0,38,0.0,4.5777777777777775
1775936751.625219,1,31.0,30.0,38,0.0,4.5777777777777775
1775936759.6543267,1,31.0,30.0,38,0.0,4.5777777777777775
1775936769.0835917,1,31.0,30.0,38,0.0,4.5777777777777775
1775936775.7618463,1,31.0,30.0,37,0.0,4.5777777777777775
1775936783.7399516,1,31.0,30.0,38,0.0,4.5777777777777775
1775936791.7604122,1,31.0,30.0,38,0.0,4.5777777777777775
1775936799.7928793,1,31.0,30.0,38,0.0,4.5777777777777775
1775936807.820912,1,31.0,30.0,38,0.0,4.5777777777777775
1775936815.8511355,1,31.0,31.0,38,0.0,4.5777777777777775
1775936843.6922994,1,31.0,30.0,39,0.0,4.5777777777777775
1775936851.7882438,1,31.0,30.0,38,0.0,4.5777777777777775
1775936859.7500813,1,31.0,30.0,38,0.0,4.5777777777777775
1775936867.776312,1,31.0,30.0,38,0.0,4.5777777777777775
1775936875.8063765,1,31.0,30.0,37,0.0,4.5777777777777775
1775936883.8368595,1,31.0,30.0,38,0.0,4.5777777777777775
1775936891.8815565,1,31.0,31.0,37,0.0,4.5777777777777775
1775936899.8866293,1,31.0,30.0,37,0.0,4.5777777777777775
1775936907.9138763,1,31.0,30.0,37,0.0,4.5777777777777775
1775936915.9399562,1,31.0,30.0,38,0.0,4.5777777777777775
1775936923.9671943,1,31.0,30.0,38,0.0,4.5777777777777775
1775936931.9969256,1,31.0,30.0,38,0.0,4.5777777777777775
1775936940.0237825,1,31.0,30.0,37,0.0,4.5777777777777775
1775936948.0510688,1,31.0,30.0,38,0.0,4.5777777777777775
1775936956.082909,1,31.0,30.0,37,0.0,4.5777777777777775
1775936964.1081548,1,31.0,30.0,37,0.0,4.5777777777777775
1775936972.1381347,1,31.0,30.0,37,0.0,4.5777777777777775
1775936980.165972,1,31.0,30.0,38,0.0,4.5777777777777775
1775936988.1873221,1,31.0,30.0,38,0.0,4.5777777777777775
1775936996.2206933,1,31.0,30.0,37,0.0,4.5777777777777775
1775937004.241936,1,31.0,30.0,38,0.0,4.5777777777777775
1775937012.2702634,1,31.0,30.0,38,0.0,4.5777777777777775
1775937020.3011835,1,31.0,30.0,37,0.0,4.5777777777777775
1775937028.3260212,1,31.0,30.0,37,0.0,4.5777777777777775
1775937036.3545973,1,31.0,30.0,37,0.0,4.5777777777777775
1775937044.3822072,1,31.0,30.0,38,0.0,4.584444444444444
1775937052.4312272,1,31.0,30.0,38,0.0,4.584444444444444
1775937060.4353986,1,31.0,30.0,37,0.0,4.584444444444444
1775937068.461071,1,31.0,30.0,38,0.0,4.584444444444444
1775937076.4907696,1,31.0,30.0,38,0.0,4.584444444444444
1775937084.516747,1,31.0,30.0,37,0.0,4.584444444444444
1775937092.5436888,1,31.0,30.0,37,0.0,4.584444444444444
1775937100.5696294,1,31.0,30.0,38,0.0,4.584444444444444
1775937108.6061523,1,31.0,30.0,38,0.0,4.584444444444444
1775937116.6324866,1,31.0,30.0,38,0.0,4.584444444444444
1775937124.6514304,1,31.0,30.0,38,0.0,4.584444444444444
1775937132.6846201,1,31.0,30.0,37,0.0,4.584444444444444
1775937140.7102659,1,31.0,30.0,37,0.0,4.584444444444444
1775937148.7380586,1,31.0,30.0,37,0.0,4.584444444444444
1775937156.1118224,1,1,1,1,0.0,4.584444444444444
1775937156.7680147,1,31.0,31.0,37,0.0,4.584444444444444
1775937158.1849318,4,4,4,4,0.0,4.584444444444444
1775937159.7961593,3,3,3,3,0.0,4.584444444444444
1775937161.6287627,2,2,2,2,0.0,4.584444444444444
1775937163.276696,3,3,3,3,0.0,4.584444444444444
1775937164.7942853,1,31.0,31.0,38,0.0,4.584444444444444
1775937172.821842,1,31.0,31.0,38,0.0,4.584444444444444
1775937180.844125,1,31.0,30.0,38,0.0,4.584444444444444
1775937188.873486,1,31.0,30.0,38,0.0,4.584444444444444
1775937196.9007795,1,31.0,30.0,38,0.0,4.584444444444444
1775937204.9315188,1,31.0,30.0,37,0.0,4.584444444444444
1775937212.9649434,1,31.0,30.0,37,0.0,4.584444444444444
1775937220.9857895,1,31.0,30.0,37,0.0,4.584444444444444
1775937229.0097353,1,31.0,30.0,38,0.0,4.584444444444444
1775937237.0382364,1,31.0,30.0,38,0.0,4.584444444444444
1775937245.066313,1,31.0,30.0,37,0.0,4.584444444444444
1775937253.092492,1,31.0,30.0,38,0.0,4.584444444444444
1775937261.1214273,1,31.0,30.0,37,0.0,4.584444444444444
1775940845.8701563,1,32.2,19.0,36
1775940854.0196207,1,32.2,19.0,37
1775940861.849732,1,32.2,19.0,36
1775940874.8200765,1,32.2,19.0,37
1775940875.536287,1,32.2,19.0,36
1775940884.724683,1,32.1,19.0,36
1775940893.8113077,1,32.1,19.0,37
1775940900.7053719,1,32.1,19.0,36
1775940910.7328534,1,32.1,19.0,36
1775940915.8198073,1,32.1,19.0,37
1775940923.8927145,1,32.1,19.0,36
1775940934.8593013,1,32.1,19.0,37
1775940941.8587556,1,32.1,19.0,37
1775940947.7875924,1,32.1,19.0,37
1775940956.820998,1,32.1,19.0,36
1775940971.6258457,1,32.1,19.0,36
1775940971.8652725,1,32.1,19.0,37
1775940979.890033,1,32.1,19.0,36
1775940987.9133806,1,32.1,19.0,37
1775940998.0702517,1,32.1,19.0,36
1775941005.7807603,1,32.1,19.0,37
1775941013.6141126,1,32.1,19.0,37
1775941021.7611554,1,32.1,19.0,36
1775941031.8862827,1,32.1,19.0,36
1775941036.8029792,1,32.1,19.0,36
1775941044.635147,1,32.1,19.0,36
1775941052.7822003,1,32.1,19.0,36
1775941060.6163855,1,32.1,19.0,37
1775941068.762934,1,32.1,19.0,37
1775941076.6020782,1,32.1,19.0,36
1775941084.7438517,1,32.1,19.0,37
1775941092.577718,1,32.1,19.0,37
1775941092.585095,1,30,60,45
1775941100.7242439,1,32.1,19.0,36
1775941109.8113663,1,32.1,20.0,36
1775941110.5689778,2,30,60,45
1775941115.7728615,3,30,60,45
1775941116.34901,1,32.1,20.0,36
1775941126.7323024,1,32.1,20.0,36
1775941131.7541964,4,30,60,45
1775941132.4024475,1,32.1,20.0,36
1775941140.833079,1,32.1,20.0,36
1775941148.6664732,1,32.1,20.0,36
1775941156.813186,1,32.1,20.0,37
1775941164.6476445,1,32.1,20.0,36
1775941176.8540878,1,32.1,20.0,37
1775941397.3305612,1,32.1,20.0,36
1775941405.3260436,1,32.0,20.0,37
1775941411.7537663,4,30,60,45
1775941413.3626933,1,32.1,20.0,36
1775941421.3865614,1,32.1,20.0,37
1775941429.4105635,1,32.1,20.0,36
1775941437.4388664,1,32.1,20.0,36
1775941445.4827437,1,32.1,20.0,36
1775941453.528829,1,32.1,20.0,37
1775941454.4683325,3,42,65,45
1775941461.518439,1,32.1,20.0,36
1775941469.546477,1,32.1,20.0,36
1775941477.5771625,1,32.1,20.0,36
1775941485.6010878,1,32.1,20.0,36
1775941489.462701,2,22,60,45
1775941493.632688,1,32.1,20.0,37
1775941501.6746423,1,32.1,20.0,36
1775941510.8666599,1,32.1,20.0,36
1775941517.7083185,1,32.1,20.0,36
1775941525.7358258,1,32.1,20.0,36
1775941533.7583828,1,32.1,20.0,38
1775941541.7865968,1,32.1,20.0,40
1775941549.8253512,1,32.1,20.0,36
1775941557.8681078,1,32.1,20.0,37
1775941565.873229,1,32.1,20.0,36
1775941573.8999696,1,32.1,20.0,36
1775941581.9235795,1,32.1,20.0,36
1775941589.948802,1,32.1,20.0,37
1775941597.978781,1,32.1,20.0,37
1775941608.2346017,1,32.1,20.0,39
1775941614.0365775,1,32.1,20.0,36
1775941622.0623674,1,32.1,20.0,36
1775941630.0896537,1,32.1,20.0,36
1775941638.1182077,1,32.1,20.0,36
1775941646.1428363,1,32.1,20.0,36
1775941654.1695182,1,32.1,20.0,36
1775941662.1978877,1,32.1,20.0,36
1775941670.2690437,1,32.1,20.0,36
1775941678.2845373,1,32.1,20.0,36
1775941686.280131,1,32.1,20.0,36
1775941694.3080661,1,32.1,20.0,37
1775941702.3338132,1,32.1,20.0,36
1775941710.35814,1,32.1,20.0,36
1775941718.3854313,1,32.1,20.0,36
1775941726.4143822,1,32.1,20.0,36
1775941734.4406083,1,32.1,20.0,36
1775941742.466725,1,32.1,20.0,36
1775941750.4920456,1,32.1,20.0,36
1775941758.520771,1,32.1,20.0,36
1775941766.5579286,1,32.1,20.0,36
1775941774.6113544,1,32.1,20.0,37
1775941782.6006608,1,32.1,20.0,36
1775941790.6272187,1,32.1,20.0,37
1775941798.6571836,1,32.1,20.0,37
1775941806.6853695,1,32.1,21.0,36
1775941814.7116606,1,32.1,21.0,36
1775941822.75194,1,32.1,20.0,36
1775941830.7966726,1,32.1,20.0,36
1775941838.7923243,1,32.1,20.0,36
1775941846.81701,1,32.1,21.0,36
1775941854.8520925,1,32.1,21.0,37
1775941862.8735585,1,32.1,21.0,36
1775941870.9025252,1,32.1,21.0,36
1775941878.94575,1,32.1,21.0,36
1775941886.9865081,1,32.1,21.0,36
1775941894.9827735,1,32.1,21.0,36
1775941903.009088,1,32.1,21.0,36
1775941911.0383744,1,32.1,21.0,36
1775941919.062643,1,32.1,21.0,37
1775941927.0938368,1,32.1,21.0,36
1775941935.1378052,1,32.1,21.0,36
1775941943.177621,1,32.1,21.0,36
1775941951.1731455,1,32.1,21.0,36
1775941959.2058446,1,32.1,21.0,36
1775941967.2259724,1,32.1,21.0,36
1775941975.2491467,1,32.1,21.0,36
1775941983.3072422,1,32.1,21.0,36
1775941991.3301241,1,32.1,21.0,36
1775941999.3354344,1,32.1,21.0,36
1775942007.3583612,1,32.1,21.0,37
1775942015.390127,1,32.1,21.0,37
1775942023.4155252,1,32.1,21.0,36
1775942031.4539442,1,32.1,21.0,37
1775942039.4850605,1,32.1,21.0,37
1775942047.5243492,1,32.2,21.0,36
1775942055.5235898,1,32.2,21.0,36
1775942063.548956,1,32.2,21.0,37
1775942071.5779676,1,32.2,21.0,37
1775942079.6054726,1,32.2,21.0,36
1775942087.6389043,1,32.3,21.0,36
1775942095.6747932,1,32.3,21.0,36
1775942103.7181535,1,32.3,21.0,36
1775942111.7131073,1,32.3,21.0,36
1775942119.7576432,1,32.3,21.0,36
1775942127.77316,1,32.3,21.0,36
1775942135.791706,1,32.4,21.0,36
1775942143.8254113,1,32.4,21.0,36
1775942151.8710282,1,32.4,21.0,36
1775942159.9159923,1,32.4,21.0,36
1775942167.9034424,1,32.4,21.0,36
1775942175.930349,1,32.4,21.0,36
1775942183.9626105,1,32.4,21.0,36
1775942191.9824963,1,32.5,21.0,36
1775942200.0191884,1,32.5,21.0,36
1775942208.0596592,1,32.5,21.0,36
1775942216.102468,1,32.5,21.0,36
1775942224.0928788,1,32.5,21.0,36
1775942232.1955702,1,32.5,21.0,36
1775942240.1945746,1,32.5,21.0,37
1775942248.2238307,1,32.5,21.0,36
1775942256.2490206,1,32.5,21.0,36
1775942264.2775404,1,32.5,21.0,36
1775942338.6260586,1,32.4,21.0,37
1775942346.66609,1,32.4,21.0,36
1775942354.665062,1,32.4,21.0,37
1775942362.6901507,1,32.4,21.0,37
1775942397.8487613,1,32.4,20.0,37
1775942403.124105,1,32.4,20.0,37
1775942411.149726,1,32.4,20.0,37
1775942419.1809256,1,32.4,21.0,37
1775942427.2094305,1,32.4,21.0,36
1775942435.2901862,1,32.4,21.0,37
1775942443.385188,1,32.4,21.0,37
1775942451.559978,1,32.4,21.0,36
1775942459.5227168,1,32.4,21.0,37
1775942467.617119,1,32.4,21.0,36
1775942475.6710439,1,32.4,21.0,36
1775942483.7502487,1,32.4,21.0,37
1775942491.849403,1,32.4,21.0,37
1775942499.8543072,1,32.3,21.0,36
1775942507.8761456,1,32.3,21.0,37
1775942515.9072466,1,32.3,21.0,36
1775942523.9361446,1,32.3,21.0,38
1775942531.967489,1,32.2,21.0,100
1775942540.0017803,1,32.3,21.0,46
1775942548.0552895,1,32.3,21.0,44
1775942556.0400233,1,32.3,21.0,43
1775942564.0741696,1,32.3,21.0,41
1775942572.1026967,1,32.3,21.0,40
1775942580.125049,1,32.2,21.0,40
1775942588.1595278,1,32.2,21.0,38
1775942596.206513,1,32.2,21.0,38
1775942604.2373464,1,32.3,21.0,40
1775942604.8154628,2,22,60,45
1775942608.5241935,3,42,65,45
1775942611.7854953,4,30,60,45
1775942612.2377918,1,32.2,21.0,37
1775942620.2670653,1,32.2,21.0,37
1775942628.2903862,1,32.2,21.0,38
1775942636.3207395,1,32.2,21.0,37
1775942644.3479178,1,32.2,21.0,37
1775942652.4039752,1,32.2,21.0,38
1775942660.4292362,1,32.2,21.0,37
1775942668.4276154,1,32.2,21.0,37
1775942676.4518397,1,32.2,21.0,38
1775942684.4819474,1,32.2,21.0,37
1775942692.5098286,1,32.2,21.0,38
1775942700.542445,1,32.1,21.0,40
1775942708.5814145,1,32.2,21.0,37
1775942716.6271622,1,32.2,21.0,38
1775942724.6179843,1,32.2,21.0,38
1775942732.647977,1,32.2,21.0,37
1775942740.673964,1,32.2,21.0,38
1775942748.7059782,1,32.2,21.0,39
1775942756.735031,1,32.2,21.0,37
1775942764.773007,1,32.2,21.0,38
1775942772.8240328,1,32.2,21.0,38
1775942780.8111382,1,32.2,21.0,38
1775942788.8682737,1,32.2,21.0,38
1775942796.882563,1,32.1,21.0,39
1775942804.8972902,1,32.2,21.0,37
1775942812.9278324,1,32.2,21.0,37
1775942820.9695842,1,32.2,21.0,38
1775942829.0100317,1,32.2,21.0,37
1775942837.0073564,1,32.2,21.0,37
1775942845.0276668,1,32.2,21.0,38
1775942853.0609183,1,32.2,21.0,37
1775942861.0920439,1,32.2,21.0,37
1775942869.123476,1,32.2,21.0,40
1775942981.506859,1,32.2,21.0,37,0,0,0
1775942989.550194,1,32.2,21.0,38,0,0,0
1775942997.553247,1,32.2,21.0,37,0,0,0
1775943005.581021,1,32.2,21.0,36,0,0,0
1775943013.7025952,1,32.2,21.0,37,0,0,0
1775943021.6366396,1,32.2,21.0,37,0,0,0
1775943022.1710663,1,30,60,45,80,60,120
1775943022.1899042,2,28,55,70,50,40,90
1775943022.2051964,3,32,50,35,100,80,150
1775943022.2183146,4,26,65,80,30,20,60
1775943029.6773221,1,32.2,21.0,36,0,0,0
1775943037.7207587,1,32.2,21.0,40,0,0,0
1775943045.7503824,1,32.2,21.0,36,0,0,0
1775943053.8034842,1,32.2,21.0,36,0,0,0
1775943061.7724922,1,32.2,21.0,37,0,0,0
1775943760.103168,1,32.3,22.0,37,0,0,0
1775943768.0176272,1,32.2,22.0,37,0,0,0
1775943776.7122731,1,32.2,22.0,98,0,0,0
1775943784.2304232,1,32.3,22.0,96,0,0,0
1775943792.3792703,1,32.2,22.0,45,0,0,0
1775943800.1761086,1,32.2,22.0,97,0,0,0
1775943808.3477643,1,32.3,22.0,41,0,0,0
1775943816.4947677,1,32.3,22.0,41,0,0,0
1775943824.3354418,1,32.3,22.0,40,0,0,0
1775943832.4754837,1,32.3,22.0,39,0,0,0
1775943840.6221068,1,32.3,22.0,39,0,0,0
1775943902.366623,1,32.4,22.0,38,0,0,0
1775943910.3938613,1,32.4,22.0,37,0,0,0
1775943918.41732,1,32.4,22.0,38,0,0,0
1775946368.3661363,2,0.0,0.0,0,45,74,129
1775946376.4311182,2,0.0,0.0,1,133,78,197
1775946384.554294,2,0.0,0.0,0,20,63,69
1775946392.624321,2,0.0,0.0,0,36,111,146
1775946400.7436676,2,0.0,0.0,0,53,30,60
1775946408.8049212,2,0.0,0.0,0,16,28,190
1775946692.6862206,2,0.0,0.0,100,74,11,181
1775946700.7814667,2,0.0,0.0,100,127,90,153
1775946708.8771899,2,0.0,0.0,0,68,74,108
1775946716.9724798,2,0.0,0.0,0,126,64,198
1775946737.1055691,2,0.0,0.0,100,108,7,11
1775946845.171883,2,0.0,0.0,100,45,13,161
1775946853.2639096,2,0.0,0.0,100,83,121,56
1775946861.362371,2,0.0,0.0,100,123,31,196
1775946869.4542058,2,0.0,0.0,100,50,130,118
1775946877.5495875,2,0.0,0.0,100,83,110,76
2026-04-11 22:57:30.387951,1,30,60,45,80,60,120
2026-04-11 22:58:00.824447,2,28,55,70,50,40,90
2026-04-11 22:58:30.872558,3,32,50,35,100,80,150
2026-04-11 23:03:38.399494+00:00,1,30,60,45,80,60,120
2026-04-11 23:04:08.510753+00:00,2,28,55,70,50,40,90
2026-04-11 23:04:38.618674+00:00,3,32,50,35,100,80,150
2026-04-11 23:05:09.080162+00:00,4,26,65,80,30,20,60
2026-04-16 04:10:01.909897+00:00,1,30,60,45,80,60,120
2026-04-16 04:10:02.233213+00:00,2,28,55,70,50,40,90
2026-04-16 04:10:02.251815+00:00,3,32,50,35,100,80,150
2026-04-16 04:10:02.270312+00:00,4,26,65,80,30,20,60
2026-04-16 04:11:28.100028+00:00,4,36,15,30,10,120,50
2026-04-16 04:16:32.546551+00:00,4,36,15,30,10,120,50
2026-04-11 23:36:14.868571+00:00,1,30,60,45,80,60,120
2026-04-16 04:53:22.341952+00:00,1,30,60,45,80,60,120
2026-04-16 04:53:22.380199+00:00,2,28,55,70,50,40,90
2026-04-16 04:53:22.435690+00:00,3,32,50,35,100,80,150
2026-04-16 04:53:22.464072+00:00,4,26,65,80,30,20,60
2026-04-16 05:02:02.940136+00:00,1,30,60,45,80,60,120
2026-04-16 05:02:02.985402+00:00,2,28,55,70,50,40,90
2026-04-16 05:02:03.061180+00:00,3,32,50,35,100,80,150
2026-04-16 05:02:03.094506+00:00,4,26,65,80,30,20,60
2026-04-16 05:04:40.709529+00:00,2,30.6,19.0,37,121,33,62
2026-04-16 05:04:48.746753+00:00,2,30.6,20.0,36,104,57,12
2026-04-16 05:04:56.767581+00:00,2,30.6,19.0,37,139,76,154
2026-04-16 05:05:04.802327+00:00,2,30.6,19.0,36,90,43,109
2026-04-16 05:54:24.967300+00:00,1,30,60,45,80,60,120
2026-04-16 05:58:21.878951+00:00,1,30,60,45,80,60,120
2026-04-16 06:03:43.129091+00:00,1,30,60,45,80,60,120
2026-04-16 06:03:43.214694+00:00,2,28,55,70,50,40,90
2026-04-16 06:03:43.259564+00:00,3,32,50,35,100,80,150
2026-04-16 06:03:43.318919+00:00,4,26,65,80,30,20,60
2026-04-16 06:05:11.367337+00:00,1,30,60,45,80,60,120
2026-04-16 06:05:11.582148+00:00,2,28,55,70,50,40,90
2026-04-16 06:05:11.793852+00:00,3,32,50,35,100,80,150
2026-04-16 06:05:12.006615+00:00,4,26,65,80,30,20,60
2026-04-16 06:06:50.827959+00:00,1,30,60,45,80,60,120
2026-04-16 06:06:51.073910+00:00,2,28,55,70,50,40,90
2026-04-16 06:06:51.281651+00:00,3,32,50,35,100,80,150
2026-04-16 06:06:51.512809+00:00,4,26,65,80,30,20,60
2026-04-16 06:19:58.049930+00:00,1,30,60,45,80,60,120
2026-04-16 06:19:58.262311+00:00,2,28,55,70,50,40,90
2026-04-16 06:19:58.498586+00:00,3,32,50,35,100,80,150
2026-04-16 06:19:58.719601+00:00,4,26,65,80,30,20,60
2026-04-17 05:40:37.015245+00:00,4,0.0,0.0,41,88,63,124
2026-04-17 05:40:37.460502+00:00,2,32.2,30.0,45,49,102,88
2026-04-17 05:40:45.128168+00:00,4,0.0,0.0,41,7,81,148
2026-04-17 05:40:45.538503+00:00,2,32.2,30.0,45,140,134,108
2026-04-17 05:40:46.203167+00:00,3,32.4,26.0,45,77,73,66
2026-04-17 05:40:53.616136+00:00,4,0.0,0.0,41,60,73,130
2026-04-17 05:40:53.771721+00:00,2,32.2,30.0,44,25,79,195
2026-04-17 05:40:54.182072+00:00,3,32.4,26.0,45,38,83,50
2026-04-17 05:41:01.336338+00:00,4,0.0,0.0,40,110,89,95
2026-04-17 05:41:01.549837+00:00,2,32.2,30.0,44,119,106,202
2026-04-17 05:41:02.214447+00:00,3,32.4,26.0,45,48,71,18
2026-04-17 05:41:09.345943+00:00,4,0.0,0.0,40,10,77,92
2026-04-17 05:41:09.579854+00:00,2,32.2,30.0,44,28,100,62
2026-04-17 05:41:10.334234+00:00,3,32.4,26.0,45,33,88,201
2026-04-17 05:41:17.426391+00:00,4,0.0,0.0,40,1,126,173
2026-04-17 05:41:17.618576+00:00,2,32.2,30.0,44,8,121,39
2026-04-17 05:41:18.315477+00:00,3,32.4,26.0,45,76,80,151
2026-04-17 05:41:25.487726+00:00,4,0.0,0.0,40,81,125,75
2026-04-17 05:41:25.644039+00:00,2,32.2,30.0,44,112,137,122
2026-04-17 05:41:26.355787+00:00,3,32.4,26.0,45,40,120,185
2026-04-17 05:43:26.105254+00:00,2,32.4,30.0,44,20,136,35
2026-04-17 05:43:26.770092+00:00,3,32.5,27.0,45,29,49,67
2026-04-17 05:43:26.926181+00:00,4,0.0,0.0,40,50,131,94
2026-04-17 05:43:34.117446+00:00,2,32.4,30.0,44,112,57,139
2026-04-17 05:43:34.787135+00:00,3,32.5,27.0,45,51,132,110
2026-04-17 05:43:34.943179+00:00,4,0.0,0.0,40,33,41,125
2026-04-17 05:43:42.151614+00:00,2,32.4,30.0,44,84,132,90
2026-04-17 05:43:42.874702+00:00,3,32.5,27.0,45,77,115,126
2026-04-17 05:43:43.029718+00:00,4,0.0,0.0,40,61,89,68
2026-04-17 05:43:50.177494+00:00,2,32.4,30.0,44,98,44,70
2026-04-17 05:43:50.842105+00:00,3,32.5,27.0,45,49,87,111
2026-04-17 05:43:51.035817+00:00,4,0.0,0.0,40,77,129,180
2026-04-17 05:43:58.211511+00:00,2,32.4,30.0,44,20,107,195
2026-04-17 05:43:58.877395+00:00,3,32.6,27.0,45,48,118,89
2026-04-17 05:43:59.034252+00:00,4,0.0,0.0,40,42,39,143
2026-04-17 05:44:06.237453+00:00,2,32.4,30.0,44,86,113,135
2026-04-17 05:44:06.767843+00:00,3,32.6,27.0,45,18,138,161
2026-04-17 05:44:07.177993+00:00,4,0.0,0.0,40,128,119,195
2026-04-17 05:44:14.299419+00:00,2,32.4,30.0,44,70,12,153
2026-04-17 05:44:15.043895+00:00,3,32.5,27.0,45,135,122,25
2026-04-17 05:44:15.199668+00:00,4,0.0,0.0,40,127,41,102
2026-04-17 05:44:22.313423+00:00,2,32.4,30.0,44,3,88,56
2026-04-17 05:44:22.977880+00:00,3,32.6,27.0,45,36,107,151
2026-04-17 05:44:23.426407+00:00,4,0.0,0.0,40,58,21,76
2026-04-17 05:44:30.449170+00:00,2,32.4,30.0,44,24,38,184
2026-04-17 05:44:30.859433+00:00,3,32.6,26.0,44,128,7,146
2026-04-17 05:44:31.343412+00:00,4,0.0,0.0,41,86,17,135
2026-04-17 05:44:38.504505+00:00,2,32.4,30.0,45,44,22,145
2026-04-17 05:44:38.914952+00:00,3,32.6,26.0,45,94,31,172
2026-04-17 05:44:39.579280+00:00,4,0.0,0.0,40,102,17,171
2026-04-17 05:44:46.483318+00:00,2,32.4,30.0,44,97,141,181
2026-04-17 05:44:46.910743+00:00,3,32.6,26.0,44,87,29,171
2026-04-17 05:44:47.574918+00:00,4,0.0,0.0,40,89,47,13
2026-04-17 05:44:54.475733+00:00,2,32.4,30.0,44,99,61,56
2026-04-17 05:44:54.940296+00:00,3,32.6,27.0,48,69,121,17
2026-04-17 05:44:55.604433+00:00,4,0.0,0.0,41,84,36,72
2026-04-17 05:45:02.474598+00:00,2,32.4,30.0,44,38,124,151
2026-04-17 05:45:02.967463+00:00,3,32.6,27.0,45,43,137,98
2026-04-17 05:45:03.680433+00:00,4,0.0,0.0,40,74,90,159
2026-04-17 05:45:10.555446+00:00,2,32.4,30.0,44,110,61,202
2026-04-17 05:45:10.994549+00:00,3,32.6,27.0,45,34,96,120
2026-04-17 05:45:11.751425+00:00,4,0.0,0.0,39,113,52,162
2026-04-17 05:45:18.628339+00:00,2,32.4,30.0,44,82,13,205
2026-04-17 05:45:19.038585+00:00,3,32.6,27.0,45,108,80,122
2026-04-17 05:45:19.989794+00:00,4,0.0,0.0,41,53,35,117
2026-04-17 05:45:26.536678+00:00,2,32.4,30.0,44,128,96,49
2026-04-17 05:45:27.201222+00:00,3,32.6,27.0,45,24,50,54
2026-04-17 05:45:27.917353+00:00,4,0.0,0.0,40,70,26,129
2026-04-17 05:45:34.562189+00:00,2,32.4,30.0,49,120,90,40
2026-04-17 05:45:35.226655+00:00,3,32.6,27.0,45,33,73,67
2026-04-17 05:45:36.145889+00:00,4,0.0,0.0,40,65,129,187
2026-04-17 05:45:42.593596+00:00,2,32.5,30.0,54,117,61,199
2026-04-17 05:45:43.113082+00:00,3,32.6,27.0,45,128,137,152
2026-04-17 05:45:44.125870+00:00,4,0.0,0.0,41,126,16,134
2026-04-17 05:45:50.745479+00:00,2,32.4,30.0,44,44,115,165
2026-04-17 05:45:51.188828+00:00,3,32.6,27.0,46,70,35,100
2026-04-17 05:45:52.162535+00:00,4,0.0,0.0,40,116,13,175
2026-04-17 05:45:58.776761+00:00,2,32.4,30.0,44,98,32,149
2026-04-17 05:45:59.186908+00:00,3,32.6,27.0,45,90,72,144
2026-04-17 05:46:00.397106+00:00,4,0.0,0.0,40,9,106,158
2026-04-17 05:46:06.751460+00:00,2,32.4,30.0,44,94,104,54
2026-04-17 05:46:07.208084+00:00,3,32.6,27.0,45,87,100,87
2026-04-17 05:46:08.421856+00:00,4,0.0,0.0,42,115,21,75
2026-04-17 05:46:15.294414+00:00,3,32.6,27.0,45,44,22,184
2026-04-17 05:46:16.212955+00:00,2,32.4,30.0,44,26,43,36
2026-04-17 05:46:16.397198+00:00,4,0.0,0.0,40,77,137,125
2026-04-17 05:46:22.792090+00:00,2,32.4,30.0,44,43,20,103
2026-04-17 05:46:23.258303+00:00,3,32.6,27.0,45,7,93,164
2026-04-17 05:46:24.484456+00:00,4,0.0,0.0,40,94,113,97
2026-04-17 05:46:30.772801+00:00,2,32.5,30.0,49,76,110,189
2026-04-17 05:46:31.295188+00:00,3,32.6,27.0,44,62,79,96
2026-04-17 05:46:32.565935+00:00,4,0.0,0.0,42,55,98,60
2026-04-17 05:46:38.927614+00:00,2,32.5,30.0,45,133,139,169
2026-04-17 05:46:39.339242+00:00,3,32.6,30.0,47,42,16,40
2026-04-17 05:46:40.808329+00:00,4,0.0,0.0,47,133,106,43
2026-04-17 05:46:46.915239+00:00,2,32.5,30.0,45,24,36,198
2026-04-17 05:46:47.346477+00:00,3,32.6,31.0,45,14,53,42
2026-04-17 05:46:48.802780+00:00,4,0.0,0.0,41,47,107,14
2026-04-17 05:46:55.483496+00:00,3,32.6,31.0,100,12,133,190
2026-04-17 05:46:56.944552+00:00,4,0.0,0.0,93,20,99,32
2026-04-17 05:47:04.887572+00:00,4,0.0,0.0,65,118,68,63
2026-04-17 05:47:13.320976+00:00,4,0.0,0.0,100,87,65,130
2026-04-17 05:50:49.697590+00:00,4,34.7,30.0,40,23,131,173
2026-04-17 05:50:49.853449+00:00,2,32.5,30.0,44,17,63,12
2026-04-17 05:50:50.009356+00:00,3,32.6,30.0,45,112,107,191
2026-04-17 05:50:57.734984+00:00,4,34.7,31.0,40,105,102,10
2026-04-17 05:50:57.890949+00:00,2,32.5,30.0,44,47,75,39
2026-04-17 05:50:58.047148+00:00,3,32.6,29.0,45,87,23,182
2026-04-17 06:16:23.333365+00:00,2,32.6,30.0,44,17,63,12
2026-04-17 06:16:24.071323+00:00,4,34.7,31.0,40,55,97,48
2026-04-17 06:16:26.549106+00:00,3,32.7,26.0,45,112,107,191
2026-04-17 06:16:31.348578+00:00,2,32.6,30.0,44,47,75,39
2026-04-17 06:16:32.096673+00:00,4,34.7,31.0,40,56,21,79
2026-04-17 06:16:34.575185+00:00,3,32.7,26.0,45,87,23,182
2026-04-17 06:16:39.387314+00:00,2,32.6,30.0,44,119,97,60
2026-04-17 06:16:40.131217+00:00,4,34.7,31.0,40,13,90,45
2026-04-17 06:16:42.602759+00:00,3,32.7,26.0,45,69,15,84
2026-04-17 06:16:47.472697+00:00,2,32.6,30.0,44,120,27,21
2026-04-17 06:16:49.295320+00:00,4,34.7,31.0,40,112,10,65
2026-04-17 06:16:50.529288+00:00,3,32.7,27.0,45,108,9,171
2026-04-17 06:16:55.599896+00:00,2,32.6,30.0,44,6,120,205
2026-04-17 06:16:56.263502+00:00,4,34.7,31.0,39,56,24,185
2026-04-17 06:16:58.564393+00:00,3,32.7,27.0,45,122,100,43
2026-04-17 06:17:03.630841+00:00,2,32.6,30.0,44,72,51,171
2026-04-17 06:17:04.327751+00:00,4,34.7,31.0,40,64,57,153
2026-04-17 06:17:06.596869+00:00,3,32.7,27.0,45,104,50,116
2026-04-17 06:17:11.500250+00:00,2,32.6,30.0,44,73,62,47
2026-04-17 06:17:12.456599+00:00,4,34.7,31.0,39,41,49,201
2026-04-17 06:17:14.680595+00:00,3,32.7,26.0,45,61,80,122
2026-04-17 06:17:19.538965+00:00,2,32.6,30.0,44,135,112,22
2026-04-17 06:17:20.277854+00:00,4,34.7,31.0,39,26,61,40
2026-04-17 06:17:22.761683+00:00,3,32.7,27.0,44,10,107,48
2026-04-17 06:17:27.599101+00:00,2,32.6,30.0,44,94,142,25
2026-04-17 06:17:28.310224+00:00,4,34.7,31.0,40,71,133,68
2026-04-17 06:17:30.769015+00:00,3,32.7,27.0,45,3,53,137
2026-04-17 06:17:35.586286+00:00,2,32.6,30.0,44,42,18,172
2026-04-17 06:17:36.341118+00:00,4,34.7,31.0,39,98,19,78
2026-04-17 06:17:38.819699+00:00,3,32.7,27.0,44,1,72,114
2026-04-17 06:17:43.626773+00:00,2,32.6,30.0,44,137,85,18
2026-04-17 06:17:44.368156+00:00,4,34.7,31.0,39,35,35,156
2026-04-17 06:17:46.883770+00:00,3,32.7,27.0,44,118,112,154
2026-04-17 06:17:51.683802+00:00,2,32.5,30.0,44,120,46,107
2026-04-17 06:17:52.434305+00:00,4,34.7,31.0,40,67,112,126
2026-04-17 06:17:54.921442+00:00,3,32.7,27.0,45,137,45,73
2026-04-17 06:17:59.759121+00:00,2,32.6,30.0,44,118,119,171
2026-04-17 06:18:00.429910+00:00,4,34.7,30.0,39,55,46,189
2026-04-17 06:18:02.985187+00:00,3,32.7,27.0,45,46,127,157
2026-04-17 06:18:07.834649+00:00,2,32.6,30.0,44,115,95,108
2026-04-17 06:18:08.500637+00:00,4,34.7,31.0,39,33,35,164
2026-04-17 06:18:11.013695+00:00,3,32.7,26.0,44,130,135,81
2026-04-17 06:18:15.819319+00:00,2,32.6,30.0,44,109,144,13
2026-04-17 06:18:16.520843+00:00,4,34.7,31.0,40,96,22,170
2026-04-17 06:18:19.047841+00:00,3,32.7,26.0,45,79,25,153
2026-04-17 06:18:23.848046+00:00,2,32.6,30.0,44,30,36,29
2026-04-17 06:18:24.516833+00:00,4,34.7,30.0,39,12,5,104
2026-04-17 06:18:27.070138+00:00,3,32.7,26.0,45,110,59,115
2026-04-17 06:18:31.793528+00:00,2,32.6,30.0,44,114,128,193
2026-04-17 06:18:32.712397+00:00,4,34.7,31.0,39,19,69,137
2026-04-17 06:18:35.191283+00:00,3,32.7,26.0,45,111,5,57
2026-04-17 06:18:39.820401+00:00,2,32.6,30.0,44,61,119,141
2026-04-17 06:18:40.573276+00:00,4,34.7,31.0,40,20,79,128
2026-04-17 06:18:43.141327+00:00,3,32.7,26.0,45,124,9,164
2026-04-17 06:18:47.984228+00:00,2,32.6,30.0,44,112,108,102
2026-04-17 06:18:48.648827+00:00,4,34.7,31.0,39,14,55,77
2026-04-17 06:18:51.167206+00:00,3,32.7,26.0,45,86,68,153
2026-04-17 06:18:55.968278+00:00,2,32.6,30.0,44,136,114,98
2026-04-17 06:18:56.671573+00:00,4,34.7,30.0,39,63,24,39
2026-04-17 06:18:59.190980+00:00,3,32.7,26.0,45,74,79,95
2026-04-17 06:19:03.991267+00:00,2,32.5,28.0,45,33,87,87
2026-04-17 06:19:04.680358+00:00,4,34.7,30.0,42,71,130,25
2026-04-17 06:19:07.264100+00:00,3,32.7,25.0,45,87,32,62
2026-04-17 06:19:12.071289+00:00,2,32.6,28.0,45,99,23,90
2026-04-17 06:19:12.736104+00:00,4,34.7,29.0,39,57,91,199
2026-04-17 06:19:15.259683+00:00,3,32.7,25.0,44,130,92,166
2026-04-17 06:19:20.076589+00:00,2,32.6,29.0,44,37,131,182
2026-04-17 06:19:20.741832+00:00,4,34.7,28.0,39,26,115,118
2026-04-17 06:19:23.312817+00:00,3,32.7,25.0,44,70,48,119
2026-04-17 06:19:28.154974+00:00,2,32.6,30.0,45,34,57,45
2026-04-17 06:19:28.819971+00:00,4,34.7,29.0,40,12,15,23
2026-04-17 06:19:31.457538+00:00,3,32.6,25.0,47,140,12,66
2026-04-17 06:19:36.806712+00:00,4,34.7,29.0,39,1,72,46
2026-04-17 06:19:37.798819+00:00,2,32.6,30.0,44,23,128,187
2026-04-17 06:19:39.520111+00:00,3,32.7,25.0,45,45,60,5
2026-04-17 06:19:44.071024+00:00,2,32.6,30.0,44,131,29,152
2026-04-17 06:19:44.814390+00:00,4,34.7,30.0,40,12,34,100
2026-04-17 06:19:47.356837+00:00,3,32.7,26.0,45,129,60,118
2026-04-17 06:19:52.168802+00:00,2,32.6,30.0,44,63,98,46
2026-04-17 06:19:52.845612+00:00,4,34.7,30.0,40,105,104,57
2026-04-17 06:19:55.431777+00:00,3,32.8,26.0,45,39,35,137
2026-04-17 06:20:00.237970+00:00,2,32.6,30.0,44,103,8,173
2026-04-17 06:20:00.903057+00:00,4,34.7,30.0,39,92,105,122
2026-04-17 06:20:03.430139+00:00,3,32.8,26.0,45,1,102,121
2026-04-17 06:20:08.262178+00:00,2,32.6,30.0,47,35,34,119
2026-04-17 06:20:08.927108+00:00,4,34.7,30.0,39,89,108,138
2026-04-17 06:20:11.447313+00:00,3,32.8,26.0,44,18,94,158
2026-04-17 06:20:16.287590+00:00,2,32.6,30.0,56,94,81,86
2026-04-17 06:20:16.952499+00:00,4,34.7,30.0,40,15,60,37
2026-04-17 06:20:19.686275+00:00,3,32.8,26.0,45,96,74,74
2026-04-17 06:20:24.242406+00:00,2,32.6,30.0,44,122,35,59
2026-04-17 06:20:25.004947+00:00,4,34.7,30.0,39,107,30,86
2026-04-17 06:20:27.503133+00:00,3,32.8,26.0,49,92,43,85
2026-04-17 06:20:32.255387+00:00,2,32.6,30.0,44,73,89,22
2026-04-17 06:20:32.993190+00:00,4,34.7,30.0,39,65,136,56
2026-04-17 06:20:35.598696+00:00,3,32.8,26.0,46,118,69,10
2026-04-17 06:20:40.398208+00:00,2,32.6,30.0,45,12,129,198
2026-04-17 06:20:41.063016+00:00,4,34.7,30.0,49,138,105,165
2026-04-17 06:20:44.191006+00:00,3,32.8,26.0,45,97,65,190
2026-04-17 06:20:48.307535+00:00,2,32.6,30.0,44,11,85,167
2026-04-17 06:20:49.228085+00:00,4,34.7,30.0,40,47,124,176
2026-04-17 06:20:51.709653+00:00,3,32.8,26.0,44,6,130,186
2026-04-17 06:20:56.348184+00:00,2,32.6,30.0,44,70,27,148
2026-04-17 06:20:57.100392+00:00,4,34.7,30.0,39,73,91,107
2026-04-17 06:20:59.621515+00:00,3,32.8,26.0,100,136,119,68
2026-04-17 06:21:05.229528+00:00,4,34.7,30.0,89,136,86,198
2026-04-17 06:21:09.018014+00:00,3,32.8,26.0,100,35,101,184
2026-04-17 06:21:13.315261+00:00,4,34.7,30.0,44,61,16,156
2026-04-17 06:21:21.492530+00:00,4,34.7,30.0,100,19,64,84
2026-04-17 06:46:37.272842+00:00,2,32.8,25.0,44,52,98,137
2026-04-17 06:46:37.428352+00:00,4,35.2,24.0,40,23,131,173
2026-04-17 06:46:40.708714+00:00,3,33.0,23.0,45,82,68,164
2026-04-17 06:46:45.251331+00:00,2,32.8,25.0,44,96,15,171
2026-04-17 06:46:45.406875+00:00,4,35.2,23.0,40,105,102,10
2026-04-17 06:46:48.643810+00:00,3,33.0,23.0,45,91,126,177
2026-04-17 06:46:53.200295+00:00,4,35.2,23.0,40,108,35,110
2026-04-17 06:46:53.355968+00:00,2,32.8,25.0,44,73,41,175
2026-04-17 06:46:56.657559+00:00,3,33.0,22.0,100,71,135,129
2026-04-17 06:47:01.269512+00:00,4,35.2,24.0,39,45,140,86
2026-04-17 06:47:01.424838+00:00,2,32.8,25.0,43,54,16,192
2026-04-17 06:47:04.698790+00:00,3,33.0,22.0,100,44,117,182
2026-04-17 06:47:09.252760+00:00,2,32.8,25.0,43,52,66,97
2026-04-17 06:47:09.408365+00:00,4,35.2,24.0,39,33,43,77
2026-04-17 06:47:12.689621+00:00,3,33.0,23.0,100,123,13,170
2026-04-17 06:47:17.279461+00:00,2,32.8,25.0,44,135,122,152
2026-04-17 06:47:17.435091+00:00,4,35.2,23.0,72,128,128,134
2026-04-17 06:47:20.701195+00:00,3,33.0,22.0,100,85,50,59
2026-04-17 06:47:25.538280+00:00,2,32.8,25.0,43,33,59,173
2026-04-17 06:47:27.218646+00:00,4,35.2,23.0,72,2,47,126
2026-04-17 06:47:28.729594+00:00,3,33.0,22.0,99,84,140,47
2026-04-17 06:47:33.341634+00:00,2,32.8,25.0,44,116,144,7
2026-04-17 06:47:33.497336+00:00,4,35.2,23.0,81,7,92,25
2026-04-17 06:47:36.925853+00:00,3,33.0,22.0,95,100,55,52
2026-04-17 06:47:41.465279+00:00,2,32.8,25.0,44,42,133,194
2026-04-17 06:47:41.620917+00:00,4,35.2,23.0,83,88,51,86
2026-04-17 06:47:44.901074+00:00,3,33.0,22.0,93,57,93,40
2026-04-17 06:47:49.443917+00:00,2,32.8,25.0,43,92,22,84
2026-04-17 06:47:49.599538+00:00,4,35.2,23.0,81,80,23,39
2026-04-17 06:47:52.836612+00:00,3,33.0,22.0,91,83,83,99
2026-04-17 06:47:57.431573+00:00,2,32.8,25.0,43,84,40,132
2026-04-17 06:47:57.587235+00:00,4,35.2,23.0,81,123,58,68
2026-04-17 06:48:00.841526+00:00,3,33.0,22.0,91,101,39,42
2026-04-17 06:48:05.456120+00:00,2,32.8,25.0,44,58,75,74
2026-04-17 06:48:05.611590+00:00,4,35.2,22.0,83,78,141,92
2026-04-17 06:48:08.891054+00:00,3,33.0,22.0,90,97,60,174
2026-04-17 06:48:13.496166+00:00,4,35.2,22.0,81,54,100,71
2026-04-17 06:48:13.651647+00:00,2,32.8,25.0,43,50,31,53
2026-04-17 06:48:16.932652+00:00,3,33.0,22.0,90,118,79,205
2026-04-17 06:48:21.537333+00:00,4,35.2,23.0,81,130,85,139
2026-04-17 06:48:21.692670+00:00,2,32.8,25.0,43,140,72,83
2026-04-17 06:48:26.238010+00:00,3,33.0,22.0,89,135,67,158
2026-04-17 06:48:29.827639+00:00,4,35.2,22.0,83,30,5,101
2026-04-17 06:48:29.986888+00:00,2,32.8,25.0,44,43,54,146
2026-04-17 06:48:32.970808+00:00,3,33.0,22.0,89,95,110,150
2026-04-17 06:48:37.692195+00:00,4,35.2,22.0,82,26,71,87
2026-04-17 06:48:37.847648+00:00,2,32.8,25.0,43,112,30,12
2026-04-17 06:48:41.121337+00:00,3,33.0,22.0,89,7,44,63
2026-04-17 06:48:45.662088+00:00,2,32.9,25.0,43,129,66,19
2026-04-17 06:48:45.818056+00:00,4,35.2,23.0,82,34,80,164
2026-04-17 06:48:49.098728+00:00,3,33.0,21.0,87,15,106,38
2026-04-17 06:48:53.691957+00:00,2,32.9,25.0,44,133,87,106
2026-04-17 06:48:53.847668+00:00,4,35.2,22.0,83,93,115,43
2026-04-11 23:10:35.819965+00:00,4,32.9,20.0,89,101,77,9
2026-04-11 23:10:43.763985+00:00,4,32.9,21.0,89,139,40,117
2026-04-11 23:10:51.941444+00:00,4,32.9,21.0,97,93,22,104
2026-04-11 23:10:59.826255+00:00,4,32.8,21.0,93,127,92,71
2026-04-11 23:11:07.813003+00:00,4,32.9,21.0,92,84,78,53
2026-04-11 23:11:15.999127+00:00,4,32.8,21.0,95,102,91,89
2026-04-11 23:11:23.921744+00:00,4,32.9,20.0,89,62,71,172
2026-04-11 23:11:31.999940+00:00,4,32.8,21.0,57,22,52,162
2026-04-11 23:11:40.144681+00:00,4,32.8,20.0,65,124,120,130
2026-04-11 23:11:48.081500+00:00,4,32.8,21.0,45,16,17,69
2026-04-11 23:11:56.011128+00:00,4,32.8,21.0,51,131,47,176
2026-04-11 23:12:04.017524+00:00,4,32.8,21.0,99,84,86,57
2026-04-11 23:12:12.193286+00:00,4,32.8,21.0,92,54,124,182
2026-04-11 23:12:20.080613+00:00,4,32.8,21.0,98,115,122,170
2026-04-11 23:12:37.483521+00:00,4,32.8,22.0,88,121,83,94
2026-04-11 23:12:45.369697+00:00,4,32.8,21.0,86,94,57,190
2026-04-11 23:12:53.530170+00:00,4,32.8,21.0,43,94,133,69
2026-04-11 23:13:01.456701+00:00,4,32.8,21.0,37,11,109,48
2026-04-11 23:13:09.478110+00:00,4,32.8,21.0,41,89,11,100
2026-04-11 23:13:17.657216+00:00,4,32.8,22.0,41,122,61,60
2026-04-11 23:13:25.578140+00:00,4,32.8,21.0,41,86,47,88
2026-04-11 23:13:33.620649+00:00,4,32.8,21.0,40,10,69,32
2026-04-11 23:13:41.620772+00:00,4,32.8,20.0,42,52,81,8
2026-04-11 23:13:49.636366+00:00,4,32.8,20.0,41,140,13,196
2026-04-11 23:13:57.649014+00:00,4,32.7,21.0,41,26,80,52
2026-04-11 23:14:05.831919+00:00,4,32.7,20.0,43,94,102,155
2026-04-11 23:14:13.762044+00:00,4,32.7,21.0,41,118,94,68
2026-04-11 23:14:21.900575+00:00,4,32.7,21.0,41,21,44,19
2026-04-11 23:14:29.822367+00:00,4,32.7,21.0,48,126,83,46
2026-04-11 23:14:37.898197+00:00,4,32.6,21.0,41,34,73,158
2026-04-11 23:14:45.896810+00:00,4,32.6,21.0,84,137,95,187
2026-04-11 23:14:54.072525+00:00,4,32.4,21.0,68,17,49,125
2026-04-11 23:15:01.958626+00:00,4,32.7,21.0,53,14,23,91
2026-04-11 23:15:09.973226+00:00,4,32.6,21.0,53,104,18,159
2026-04-11 23:15:18.163833+00:00,4,16.2,139.0,65,75,56,151
2026-04-11 23:15:26.092478+00:00,4,32.6,22.0,51,74,9,105
2026-04-11 23:15:34.171163+00:00,4,32.6,22.0,51,124,28,61
2026-04-11 23:15:42.153584+00:00,4,32.6,22.0,94,71,21,154
2026-04-11 23:15:50.147547+00:00,4,32.7,22.0,43,102,14,36
2026-04-11 23:15:58.323867+00:00,4,32.6,21.0,47,90,37,192
2026-04-11 23:16:06.244492+00:00,4,32.6,21.0,66,25,122,64
